iter, gearRatio, module, Ns, Np, Nr, numPlanet, fwSunMM, fwPlanetMM, fwRingMM, mass, eff, peakTorque, Cost, Torque_Density, Outer_Bearing_mass, Actuator_width
79 , 3.111111111111111 , 0.5 , 45 , 25 , 95 , 4 , 7.834 , 8.0 , 8.0 , 1.296 , 0.954 , 14.854 , 0.9879013245707742 , 11.46141975308642 , 0.038 , 141.0
42 , 4.0 , 1.2 , 15 , 15 , 45 , 3 , 8.211 , 8.211 , 8.211 , 1.308 , 0.908 , 19.099 , 1.1340876931750015 , 14.601681957186544 , 0.05 , 141.2111918296147
7 , 5.142857142857143 , 0.8999999999999999 , 14 , 22 , 58 , 3 , 15.506 , 15.506 , 15.506 , 1.319 , 0.923 , 24.555 , 2.5746888135306802 , 18.616376042456405 , 0.038 , 148.50621293619793